path,nr_of_vertices,nr_of_faces,surface_area,volume,diameter
['data' 'LabeledDB_new' 'Airplane' '61' 'original.ply'],455,906,3.1643194852800565,0.26128588152923743,inf
['data' 'LabeledDB_new' 'Airplane' '62' 'original.ply'],457,910,4.033599848153297,0.3586541979625804,inf
['data' 'LabeledDB_new' 'Airplane' '63' 'original.ply'],372,740,4.288945996055551,0.37637700530537577,inf
['data' 'LabeledDB_new' 'Airplane' '64' 'original.ply'],302,600,3.9836460419460304,0.3847160954539776,inf
['data' 'LabeledDB_new' 'Airplane' '65' 'original.ply'],287,570,3.8057902027118966,0.30738013659316255,inf
['data' 'LabeledDB_new' 'Airplane' '66' 'original.ply'],332,660,3.3767349744786954,0.23116921469184482,inf
['data' 'LabeledDB_new' 'Airplane' '67' 'original.ply'],448,892,4.156062324641135,0.389025946906511,inf
['data' 'LabeledDB_new' 'Airplane' '68' 'original.ply'],213,422,3.2588004359998988,0.2543306955067163,inf
['data' 'LabeledDB_new' 'Airplane' '69' 'original.ply'],379,754,4.023493095652444,0.33038454580739807,inf
['data' 'LabeledDB_new' 'Airplane' '70' 'original.ply'],255,506,3.7596361613009264,0.3392837903910507,inf
['data' 'LabeledDB_new' 'Airplane' '71' 'original.ply'],285,566,4.235680546024117,0.37820284129730397,inf
['data' 'LabeledDB_new' 'Airplane' '72' 'original.ply'],275,546,3.9539442223068133,0.3202506749572269,inf
['data' 'LabeledDB_new' 'Airplane' '73' 'original.ply'],273,542,3.9370650030548933,0.3248234542452388,inf
['data' 'LabeledDB_new' 'Airplane' '74' 'original.ply'],312,620,3.3363816472508585,0.2673277529104663,inf
['data' 'LabeledDB_new' 'Airplane' '75' 'original.ply'],413,822,4.085957823983102,0.32166034972200747,inf
['data' 'LabeledDB_new' 'Airplane' '76' 'original.ply'],396,788,3.7162491341772945,0.33298154153547727,inf
['data' 'LabeledDB_new' 'Airplane' '77' 'original.ply'],353,702,4.065521302614016,0.35366632502502643,inf
['data' 'LabeledDB_new' 'Airplane' '78' 'original.ply'],305,606,5.1681536687441145,0.4989270733158384,inf
['data' 'LabeledDB_new' 'Airplane' '79' 'original.ply'],332,660,4.654040388648413,0.47272247064408385,inf
['data' 'LabeledDB_new' 'Airplane' '80' 'original.ply'],312,620,4.69154880707637,0.4705610593493606,inf
['data' 'LabeledDB_new' 'Ant' '100' 'original.ply'],450,896,4.017065947129877,0.5678953269493584,inf
['data' 'LabeledDB_new' 'Ant' '81' 'original.ply'],380,756,3.8655470623887216,0.5434021676100995,inf
['data' 'LabeledDB_new' 'Ant' '82' 'original.ply'],603,1202,4.990796889331098,0.8354148269652711,inf
['data' 'LabeledDB_new' 'Ant' '83' 'original.ply'],548,1092,4.068412578796573,0.529712576677271,inf
['data' 'LabeledDB_new' 'Ant' '84' 'original.ply'],439,874,4.389672744727351,0.6450202154307347,inf
['data' 'LabeledDB_new' 'Ant' '85' 'original.ply'],632,1260,4.141284455499662,0.5127070874703661,inf
['data' 'LabeledDB_new' 'Ant' '86' 'original.ply'],810,1616,3.765316705212468,0.4959939769097753,inf
['data' 'LabeledDB_new' 'Ant' '87' 'original.ply'],365,726,5.353306222205317,0.898809437604738,inf
['data' 'LabeledDB_new' 'Ant' '88' 'original.ply'],395,786,5.725227506523041,0.9672926820657426,inf
['data' 'LabeledDB_new' 'Ant' '89' 'original.ply'],409,814,4.111836402625652,0.5447930698194574,inf
['data' 'LabeledDB_new' 'Ant' '90' 'original.ply'],458,912,4.891267107330199,0.740560975274177,inf
['data' 'LabeledDB_new' 'Ant' '91' 'original.ply'],337,670,5.387283166520875,0.8826301669427301,inf
['data' 'LabeledDB_new' 'Ant' '92' 'original.ply'],501,998,3.732766589801827,0.45532980114963995,inf
['data' 'LabeledDB_new' 'Ant' '93' 'original.ply'],590,1176,5.22270647062777,0.7263374318246345,inf
['data' 'LabeledDB_new' 'Ant' '94' 'original.ply'],375,746,4.6287710168347775,0.5090697067385885,inf
['data' 'LabeledDB_new' 'Ant' '95' 'original.ply'],609,1214,3.9293454687875857,0.4810396567083134,inf
['data' 'LabeledDB_new' 'Ant' '96' 'original.ply'],438,872,4.494811863596064,0.4442967980533479,inf
['data' 'LabeledDB_new' 'Ant' '97' 'original.ply'],440,876,3.872775698465719,0.41682791579045014,inf
['data' 'LabeledDB_new' 'Ant' '98' 'original.ply'],528,1052,3.8794166783802893,0.5137038191411081,inf
['data' 'LabeledDB_new' 'Ant' '99' 'original.ply'],346,688,4.606933314517658,0.6067241656108956,inf
['data' 'LabeledDB_new' 'Armadillo' '281' 'original.ply'],292,580,4.308608569814945,0.6279229202309918,inf
['data' 'LabeledDB_new' 'Armadillo' '282' 'original.ply'],506,1008,4.144838603412614,0.6301306088527294,inf
['data' 'LabeledDB_new' 'Armadillo' '283' 'original.ply'],397,790,3.5254746585969197,0.432026654366801,inf
['data' 'LabeledDB_new' 'Armadillo' '284' 'original.ply'],771,1538,4.468277457901221,0.714862647642993,inf
['data' 'LabeledDB_new' 'Armadillo' '285' 'original.ply'],709,1414,5.012836760444292,0.8506860399264418,inf
['data' 'LabeledDB_new' 'Armadillo' '286' 'original.ply'],895,1786,5.630447978851161,1.0798175458332966,inf
['data' 'LabeledDB_new' 'Armadillo' '287' 'original.ply'],433,862,5.669218244937494,1.02610055789835,inf
['data' 'LabeledDB_new' 'Armadillo' '288' 'original.ply'],581,1158,5.8425064405359635,1.11881428547851,inf
['data' 'LabeledDB_new' 'Armadillo' '289' 'original.ply'],408,812,5.999340609580772,1.0756518086990887,inf
['data' 'LabeledDB_new' 'Armadillo' '290' 'original.ply'],309,614,4.566734505159553,0.7061824910278796,inf
['data' 'LabeledDB_new' 'Armadillo' '291' 'original.ply'],797,1590,4.208555552307211,0.657062040585768,inf
['data' 'LabeledDB_new' 'Armadillo' '292' 'original.ply'],281,558,4.3700009322894,0.6454250561611284,inf
['data' 'LabeledDB_new' 'Armadillo' '293' 'original.ply'],449,894,4.094773377931725,0.615688372830161,inf
['data' 'LabeledDB_new' 'Armadillo' '294' 'original.ply'],337,670,3.1900939217375086,0.37350977303063015,inf
['data' 'LabeledDB_new' 'Armadillo' '295' 'original.ply'],621,1238,3.618679026633184,0.5076753610064357,inf
['data' 'LabeledDB_new' 'Armadillo' '296' 'original.ply'],507,1010,4.571278089662721,0.682669822553227,inf
['data' 'LabeledDB_new' 'Armadillo' '297' 'original.ply'],795,1586,4.856529461071045,0.8656607395366058,inf
['data' 'LabeledDB_new' 'Armadillo' '298' 'original.ply'],381,758,5.602406606181057,1.0073391722899359,inf
['data' 'LabeledDB_new' 'Armadillo' '299' 'original.ply'],502,1000,5.780522998022308,1.0783342427820992,inf
['data' 'LabeledDB_new' 'Armadillo' '300' 'original.ply'],370,736,5.734869550300532,1.0116369497103783,inf
['data' 'LabeledDB_new' 'Bearing' '341' 'original.ply'],151,298,1.8763221811983588,0.1564898838259928,inf
['data' 'LabeledDB_new' 'Bearing' '342' 'original.ply'],151,298,2.878937013902076,0.29742217297659956,inf
['data' 'LabeledDB_new' 'Bearing' '343' 'original.ply'],151,298,2.671473448510902,0.26585908556892135,inf
['data' 'LabeledDB_new' 'Bearing' '344' 'original.ply'],150,296,2.0358555176760706,0.19819168903594092,inf
['data' 'LabeledDB_new' 'Bearing' '345' 'original.ply'],219,434,2.031514931157394,0.19864552359350204,inf
['data' 'LabeledDB_new' 'Bearing' '346' 'original.ply'],239,474,2.02755668675737,0.1988754676626331,inf
['data' 'LabeledDB_new' 'Bearing' '347' 'original.ply'],381,758,4.290712846982886,0.6229619534414479,inf
['data' 'LabeledDB_new' 'Bearing' '348' 'original.ply'],304,604,0.489923863676814,0.017358900824762342,inf
['data' 'LabeledDB_new' 'Bearing' '349' 'original.ply'],246,488,1.4847419358122163,0.09158082653371616,inf
['data' 'LabeledDB_new' 'Bearing' '350' 'original.ply'],558,1112,1.6493498316379125,0.10759856477087029,inf
['data' 'LabeledDB_new' 'Bearing' '351' 'original.ply'],272,540,2.865767038583255,0.30247239276963594,inf
['data' 'LabeledDB_new' 'Bearing' '352' 'original.ply'],792,1580,2.2339782702118556,0.20855854405160135,inf
['data' 'LabeledDB_new' 'Bearing' '353' 'original.ply'],156,308,1.664903041750056,0.12336571928565211,inf
['data' 'LabeledDB_new' 'Bearing' '354' 'original.ply'],237,470,1.141887359389858,0.07207189713685952,inf
['data' 'LabeledDB_new' 'Bearing' '355' 'original.ply'],675,1346,1.6210360744735652,0.0950439325644972,inf
['data' 'LabeledDB_new' 'Bearing' '356' 'original.ply'],666,1328,1.6212481024905077,0.09506275998339091,inf
['data' 'LabeledDB_new' 'Bearing' '357' 'original.ply'],8,12,1.639711412805338,0.068815962168611,inf
['data' 'LabeledDB_new' 'Bearing' '358' 'original.ply'],460,916,3.0228334394487013,0.3777543456759914,inf
['data' 'LabeledDB_new' 'Bearing' '359' 'original.ply'],487,970,3.041878516689414,0.38133316359991404,inf
['data' 'LabeledDB_new' 'Bearing' '360' 'original.ply'],420,836,0.023578025366316688,0.00020169073025848061,inf
['data' 'LabeledDB_new' 'Bird' '241' 'original.ply'],222,440,3.0964897748143283,0.19880626585821815,inf
['data' 'LabeledDB_new' 'Bird' '242' 'original.ply'],364,724,4.090764785917267,0.5016712162829603,inf
['data' 'LabeledDB_new' 'Bird' '243' 'original.ply'],326,648,2.0056941757389697,0.12997575981552073,inf
['data' 'LabeledDB_new' 'Bird' '244' 'original.ply'],409,814,2.4423569446722992,0.1543491858359921,inf
['data' 'LabeledDB_new' 'Bird' '245' 'original.ply'],234,464,3.7949232442069807,0.4296878676353941,inf
['data' 'LabeledDB_new' 'Bird' '246' 'original.ply'],240,476,2.258476979380192,0.1959090177176444,inf
['data' 'LabeledDB_new' 'Bird' '247' 'original.ply'],315,626,3.1346948686798806,0.3249411233975442,inf
['data' 'LabeledDB_new' 'Bird' '248' 'original.ply'],407,810,4.220736337296967,0.5634540896790451,inf
['data' 'LabeledDB_new' 'Bird' '249' 'original.ply'],209,414,2.4823515781771355,0.1767088046972793,inf
['data' 'LabeledDB_new' 'Bird' '250' 'original.ply'],231,458,3.031118626498177,0.13231664942660099,inf
['data' 'LabeledDB_new' 'Bird' '251' 'original.ply'],326,648,2.0056941757389697,0.12997575981552073,inf
['data' 'LabeledDB_new' 'Bird' '252' 'original.ply'],415,826,3.513191417428728,0.4082149770463224,inf
['data' 'LabeledDB_new' 'Bird' '253' 'original.ply'],306,608,4.072468185783127,0.3341930728721584,inf
['data' 'LabeledDB_new' 'Bird' '254' 'original.ply'],283,562,2.2888461922036663,0.11515803200295109,inf
['data' 'LabeledDB_new' 'Bird' '255' 'original.ply'],410,816,2.979504501429879,0.3039173181682596,inf
['data' 'LabeledDB_new' 'Bird' '256' 'original.ply'],225,446,3.9492390822689014,0.3076918334879291,inf
['data' 'LabeledDB_new' 'Bird' '257' 'original.ply'],50,96,2.7065340449525213,0.15299054407092869,inf
['data' 'LabeledDB_new' 'Bird' '258' 'original.ply'],133,262,4.328730316553129,0.6292110466435987,inf
['data' 'LabeledDB_new' 'Bird' '259' 'original.ply'],610,1216,4.763023460263161,0.62274323814298,inf
['data' 'LabeledDB_new' 'Bird' '260' 'original.ply'],150,296,3.3383681041686364,0.42068902266495983,inf
['data' 'LabeledDB_new' 'Bust' '301' 'original.ply'],725,1446,5.1431317707506885,0.8749958787210126,inf
['data' 'LabeledDB_new' 'Bust' '302' 'original.ply'],520,1036,5.844901172888237,1.1158178508454928,inf
['data' 'LabeledDB_new' 'Bust' '303' 'original.ply'],1310,2616,3.919427377450618,0.5886197616554532,inf
['data' 'LabeledDB_new' 'Bust' '304' 'original.ply'],853,1702,4.943196473985002,0.8040510900111131,inf
['data' 'LabeledDB_new' 'Bust' '305' 'original.ply'],3009,6014,7.188502465808851,1.525205145890156,inf
['data' 'LabeledDB_new' 'Bust' '306' 'original.ply'],5094,10184,4.9674379912442514,0.8905115515786702,inf
['data' 'LabeledDB_new' 'Bust' '307' 'original.ply'],4351,8698,7.620986770354867,1.7986642175314778,inf
['data' 'LabeledDB_new' 'Bust' '308' 'original.ply'],4600,9196,8.43077294391525,2.13637275736847,inf
['data' 'LabeledDB_new' 'Bust' '309' 'original.ply'],362,720,4.828836819481636,0.8962863300591317,inf
['data' 'LabeledDB_new' 'Bust' '310' 'original.ply'],1286,2568,8.094856620206238,1.9755497270591449,inf
['data' 'LabeledDB_new' 'Bust' '311' 'original.ply'],1552,3100,6.401225691913986,1.2797268304580514,inf
['data' 'LabeledDB_new' 'Bust' '312' 'original.ply'],5042,10080,5.799282968687731,1.1088106148473587,inf
['data' 'LabeledDB_new' 'Bust' '313' 'original.ply'],1282,2560,6.048685251358046,1.2085924061763962,inf
['data' 'LabeledDB_new' 'Bust' '314' 'original.ply'],1142,2280,5.191319754031788,0.8697332032697207,inf
['data' 'LabeledDB_new' 'Bust' '315' 'original.ply'],1587,3170,5.41381150239294,0.9993299259344166,inf
['data' 'LabeledDB_new' 'Bust' '316' 'original.ply'],1400,2796,5.653548119235682,1.066639051941189,inf
['data' 'LabeledDB_new' 'Bust' '317' 'original.ply'],4616,9228,5.683256846143689,1.1176079480351395,inf
['data' 'LabeledDB_new' 'Bust' '318' 'original.ply'],1686,3368,4.729786686140117,0.7542672020398548,inf
['data' 'LabeledDB_new' 'Bust' '319' 'original.ply'],8543,17082,6.627609467662204,1.4011480846075972,inf
['data' 'LabeledDB_new' 'Bust' '320' 'original.ply'],5381,10758,6.9082640116725536,1.4760358794938133,inf
['data' 'LabeledDB_new' 'Chair' '101' 'original.ply'],320,636,4.780086413247083,0.6557956957546817,inf
['data' 'LabeledDB_new' 'Chair' '102' 'original.ply'],537,1070,5.84967120763375,1.0390881397310392,inf
['data' 'LabeledDB_new' 'Chair' '103' 'original.ply'],342,680,5.001059745619926,0.7557743335486138,inf
['data' 'LabeledDB_new' 'Chair' '104' 'original.ply'],354,704,4.373988635282101,0.5716725054489855,inf
['data' 'LabeledDB_new' 'Chair' '105' 'original.ply'],346,688,4.127527111635429,0.5239594832461261,inf
['data' 'LabeledDB_new' 'Chair' '106' 'original.ply'],390,776,5.622585801753924,0.9764258940497522,inf
['data' 'LabeledDB_new' 'Chair' '107' 'original.ply'],514,1024,5.210761871223943,0.8199770662389468,inf
['data' 'LabeledDB_new' 'Chair' '108' 'original.ply'],482,960,5.283905979750112,0.8373189687222308,inf
['data' 'LabeledDB_new' 'Chair' '109' 'original.ply'],212,420,4.776018473948519,0.7045938914481092,inf
['data' 'LabeledDB_new' 'Chair' '110' 'original.ply'],272,540,3.9702989473159938,0.4932358660703883,inf
['data' 'LabeledDB_new' 'Chair' '111' 'original.ply'],273,542,4.10023357107579,0.5180743847586579,inf
['data' 'LabeledDB_new' 'Chair' '112' 'original.ply'],347,690,5.242775017288079,0.8249356729226374,inf
['data' 'LabeledDB_new' 'Chair' '113' 'original.ply'],596,1188,4.376321793770963,0.6343640731928137,inf
['data' 'LabeledDB_new' 'Chair' '114' 'original.ply'],161,318,3.4729670343526817,0.41554138204613655,inf
['data' 'LabeledDB_new' 'Chair' '115' 'original.ply'],618,1232,4.53300015140817,0.6689696734839595,inf
['data' 'LabeledDB_new' 'Chair' '116' 'original.ply'],312,620,5.446455364806878,0.8721524806559764,inf
['data' 'LabeledDB_new' 'Chair' '117' 'original.ply'],389,774,5.7051433913079075,0.9679655742840616,inf
['data' 'LabeledDB_new' 'Chair' '118' 'original.ply'],209,414,4.725132405084435,0.6378343081839413,inf
['data' 'LabeledDB_new' 'Chair' '119' 'original.ply'],411,818,5.268300181960425,0.8557508753915737,inf
['data' 'LabeledDB_new' 'Chair' '120' 'original.ply'],419,834,4.53632487279285,0.6509709712392429,inf
['data' 'LabeledDB_new' 'Cup' '21' 'original.ply'],3256,6508,6.248269227365263,1.2676053212715193,inf
['data' 'LabeledDB_new' 'Cup' '22' 'original.ply'],5368,10732,8.073047575232374,1.9508019209128202,inf
['data' 'LabeledDB_new' 'Cup' '23' 'original.ply'],4642,9280,6.383787001799344,1.2987700844197647,inf
['data' 'LabeledDB_new' 'Cup' '24' 'original.ply'],5489,10974,8.298321268073494,2.045072681207574,inf
['data' 'LabeledDB_new' 'Cup' '25' 'original.ply'],2603,5202,7.530822061858638,1.6018203795274908,inf
['data' 'LabeledDB_new' 'Cup' '26' 'original.ply'],3482,6960,6.9208235182378655,1.4334625625620292,inf
['data' 'LabeledDB_new' 'Cup' '27' 'original.ply'],3280,6556,6.625247600484774,1.3572393139268912,inf
['data' 'LabeledDB_new' 'Cup' '28' 'original.ply'],3671,7338,6.409398673671895,1.3128644698439564,inf
['data' 'LabeledDB_new' 'Cup' '29' 'original.ply'],1841,3678,6.483382592034221,1.2397388194770593,inf
['data' 'LabeledDB_new' 'Cup' '30' 'original.ply'],1173,2342,5.622001474812841,1.0053270801558867,inf
['data' 'LabeledDB_new' 'Cup' '31' 'original.ply'],3925,7846,7.878090909904279,1.797749544580328,inf
['data' 'LabeledDB_new' 'Cup' '32' 'original.ply'],3311,6618,6.39432625901743,1.2735041384319983,inf
['data' 'LabeledDB_new' 'Cup' '33' 'original.ply'],2844,5684,7.43876415589878,1.7308405806372822,inf
['data' 'LabeledDB_new' 'Cup' '34' 'original.ply'],1189,2374,8.071488663965457,1.83464226052431,inf
['data' 'LabeledDB_new' 'Cup' '35' 'original.ply'],1666,3328,6.018322749361538,1.1324263000610932,inf
['data' 'LabeledDB_new' 'Cup' '36' 'original.ply'],2334,4664,5.926881956052792,1.1447533263753884,inf
['data' 'LabeledDB_new' 'Cup' '37' 'original.ply'],821,1638,8.524179252906345,2.04155325886205,inf
['data' 'LabeledDB_new' 'Cup' '38' 'original.ply'],2786,5568,7.810242635298435,1.7342060736556353,inf
['data' 'LabeledDB_new' 'Cup' '39' 'original.ply'],2479,4954,7.396323331141187,1.5815051377433418,inf
['data' 'LabeledDB_new' 'Cup' '40' 'original.ply'],4614,9224,6.704658970600462,1.3883316747212566,inf
['data' 'LabeledDB_new' 'Fish' '221' 'original.ply'],716,1428,3.558075476872864,0.4225507362127826,inf
['data' 'LabeledDB_new' 'Fish' '222' 'original.ply'],473,942,2.6010389094523063,0.2251357308116746,inf
['data' 'LabeledDB_new' 'Fish' '223' 'original.ply'],369,734,2.911894375576627,0.3315260524497608,inf
['data' 'LabeledDB_new' 'Fish' '224' 'original.ply'],534,1064,2.2859414485287655,0.19030947576123788,inf
['data' 'LabeledDB_new' 'Fish' '225' 'original.ply'],516,1028,2.7681866529552246,0.3052591150912013,inf
['data' 'LabeledDB_new' 'Fish' '226' 'original.ply'],526,1048,2.5944098038191643,0.25231015754811814,inf
['data' 'LabeledDB_new' 'Fish' '227' 'original.ply'],526,1048,2.5944098038191643,0.25231015754811814,inf
['data' 'LabeledDB_new' 'Fish' '228' 'original.ply'],467,930,2.8972092655897046,0.27958642470364864,inf
['data' 'LabeledDB_new' 'Fish' '229' 'original.ply'],462,920,2.8724571563796797,0.26395621221443294,inf
['data' 'LabeledDB_new' 'Fish' '230' 'original.ply'],786,1568,3.7071368113523797,0.45395491844968644,inf
['data' 'LabeledDB_new' 'Fish' '231' 'original.ply'],581,1158,2.7742215722986185,0.27247427264141855,inf
['data' 'LabeledDB_new' 'Fish' '232' 'original.ply'],802,1600,2.455067707573609,0.21042417872106045,inf
['data' 'LabeledDB_new' 'Fish' '233' 'original.ply'],753,1502,3.5637790237558553,0.5008330964214054,inf
['data' 'LabeledDB_new' 'Fish' '234' 'original.ply'],574,1144,3.2948106499807754,0.40646405571030575,inf
['data' 'LabeledDB_new' 'Fish' '235' 'original.ply'],374,744,2.4878156534366895,0.2205035153176477,inf
['data' 'LabeledDB_new' 'Fish' '236' 'original.ply'],416,828,2.2617038840764394,0.18332971794613523,inf
['data' 'LabeledDB_new' 'Fish' '237' 'original.ply'],466,928,2.0052258686336213,0.14283725488363064,inf
['data' 'LabeledDB_new' 'Fish' '238' 'original.ply'],488,972,2.3206506234136755,0.1917307995528599,inf
['data' 'LabeledDB_new' 'Fish' '239' 'original.ply'],682,1360,2.1646112080305526,0.16966833767216766,inf
['data' 'LabeledDB_new' 'Fish' '240' 'original.ply'],618,1232,2.9553763102601844,0.2840924194649837,inf
['data' 'LabeledDB_new' 'FourLeg' '381' 'original.ply'],271,538,4.068415224074669,0.5606529565988002,inf
['data' 'LabeledDB_new' 'FourLeg' '382' 'original.ply'],568,1132,4.161098257517325,0.5580436272340282,inf
['data' 'LabeledDB_new' 'FourLeg' '383' 'original.ply'],412,820,4.542643250397989,0.6597381987352335,inf
['data' 'LabeledDB_new' 'FourLeg' '384' 'original.ply'],295,586,4.508909393121314,0.5752887348359628,inf
['data' 'LabeledDB_new' 'FourLeg' '385' 'original.ply'],705,1406,4.5923070102465555,0.5902691197110171,inf
['data' 'LabeledDB_new' 'FourLeg' '386' 'original.ply'],114,224,5.5441807599164425,0.9051853054114248,inf
['data' 'LabeledDB_new' 'FourLeg' '387' 'original.ply'],485,966,4.1725529318935,0.4777815308059825,inf
['data' 'LabeledDB_new' 'FourLeg' '388' 'original.ply'],476,948,4.677984694874701,0.6952084387337215,inf
['data' 'LabeledDB_new' 'FourLeg' '389' 'original.ply'],235,466,4.611849639297404,0.6519012053199147,inf
['data' 'LabeledDB_new' 'FourLeg' '390' 'original.ply'],228,452,3.107883388343022,0.30795280206792,inf
['data' 'LabeledDB_new' 'FourLeg' '391' 'original.ply'],263,522,4.081708439071516,0.5175762808439623,inf
['data' 'LabeledDB_new' 'FourLeg' '392' 'original.ply'],438,872,4.374117051583111,0.6010911436883261,inf
['data' 'LabeledDB_new' 'FourLeg' '393' 'original.ply'],541,1078,3.9154282344777336,0.4577033212956489,inf
['data' 'LabeledDB_new' 'FourLeg' '394' 'original.ply'],395,786,4.339846122312619,0.477220902816064,inf
['data' 'LabeledDB_new' 'FourLeg' '395' 'original.ply'],262,520,4.252140512047527,0.5254288099296309,inf
['data' 'LabeledDB_new' 'FourLeg' '396' 'original.ply'],284,564,3.9042093173262455,0.44410373906696715,inf
['data' 'LabeledDB_new' 'FourLeg' '397' 'original.ply'],380,756,3.9339306411915524,0.45017721405074845,inf
['data' 'LabeledDB_new' 'FourLeg' '398' 'original.ply'],136,268,2.194496631337938,0.19551629232114873,inf
['data' 'LabeledDB_new' 'FourLeg' '399' 'original.ply'],203,402,4.498922391970494,0.5956372452746721,inf
['data' 'LabeledDB_new' 'FourLeg' '400' 'original.ply'],213,422,4.200491978331081,0.5537664631233646,inf
['data' 'LabeledDB_new' 'Glasses' '41' 'original.ply'],714,1424,2.84312160665969,0.2641594301360403,inf
['data' 'LabeledDB_new' 'Glasses' '42' 'original.ply'],448,892,2.2729498162734965,0.17526451005831364,inf
['data' 'LabeledDB_new' 'Glasses' '43' 'original.ply'],807,1610,2.066416728923219,0.13727311800922298,inf
['data' 'LabeledDB_new' 'Glasses' '44' 'original.ply'],938,1872,2.949541860077349,0.2685905382264242,inf
['data' 'LabeledDB_new' 'Glasses' '45' 'original.ply'],1016,2028,2.8185204178960315,inf,inf
['data' 'LabeledDB_new' 'Glasses' '46' 'original.ply'],309,614,1.570726188143497,0.09288490353804263,inf
['data' 'LabeledDB_new' 'Glasses' '47' 'original.ply'],301,598,1.0804458918355726,0.03568033043715176,inf
['data' 'LabeledDB_new' 'Glasses' '48' 'original.ply'],564,1124,2.6469774695775454,0.2270682670057674,inf
['data' 'LabeledDB_new' 'Glasses' '49' 'original.ply'],383,762,2.4669266109490398,0.19050967180417294,inf
['data' 'LabeledDB_new' 'Glasses' '50' 'original.ply'],805,1606,2.9493809316839457,0.2825359905809545,inf
['data' 'LabeledDB_new' 'Glasses' '51' 'original.ply'],501,998,2.471537252328277,0.19443734900313284,inf
['data' 'LabeledDB_new' 'Glasses' '52' 'original.ply'],305,606,1.5463118528551814,0.08504677771223584,inf
['data' 'LabeledDB_new' 'Glasses' '53' 'original.ply'],313,622,1.8379562563110663,0.11694306966397908,inf
['data' 'LabeledDB_new' 'Glasses' '54' 'original.ply'],912,1820,2.9366086527009263,0.278603887277284,inf
['data' 'LabeledDB_new' 'Glasses' '55' 'original.ply'],484,964,2.370688658148809,0.1834058625957597,inf
['data' 'LabeledDB_new' 'Glasses' '56' 'original.ply'],534,1064,3.115336234970235,0.2945392646325862,inf
['data' 'LabeledDB_new' 'Glasses' '57' 'original.ply'],925,1846,2.9387280745956397,0.2795987515811549,inf
['data' 'LabeledDB_new' 'Glasses' '58' 'original.ply'],252,500,1.2206293864816857,0.048447037930335134,inf
['data' 'LabeledDB_new' 'Glasses' '59' 'original.ply'],474,944,2.388846641026184,0.18467069391318666,inf
['data' 'LabeledDB_new' 'Glasses' '60' 'original.ply'],367,730,1.6970542571793497,0.10281094779154655,inf
['data' 'LabeledDB_new' 'Hand' '181' 'original.ply'],650,1296,3.4699490585964186,0.36272959937812177,inf
['data' 'LabeledDB_new' 'Hand' '182' 'original.ply'],1805,3606,4.416505578096244,0.6485768600860355,inf
['data' 'LabeledDB_new' 'Hand' '183' 'original.ply'],1733,3462,5.817104583291248,0.8842098341048026,inf
['data' 'LabeledDB_new' 'Hand' '184' 'original.ply'],813,1622,3.437671061918286,0.433992406078045,inf
['data' 'LabeledDB_new' 'Hand' '185' 'original.ply'],245,486,2.807392977362017,0.22542180854667224,inf
['data' 'LabeledDB_new' 'Hand' '186' 'original.ply'],668,1332,3.775563886327958,0.4638894692109885,inf
['data' 'LabeledDB_new' 'Hand' '187' 'original.ply'],696,1388,3.5577195276990867,0.3834822149920347,inf
['data' 'LabeledDB_new' 'Hand' '188' 'original.ply'],872,1740,4.716611267640598,0.7498287215296877,inf
['data' 'LabeledDB_new' 'Hand' '189' 'original.ply'],964,1924,4.358778246084153,0.6815675141292866,inf
['data' 'LabeledDB_new' 'Hand' '190' 'original.ply'],827,1650,3.2726258089204046,0.31930988947386346,inf
['data' 'LabeledDB_new' 'Hand' '191' 'original.ply'],1877,3750,5.251303410024211,0.9270140470793605,inf
['data' 'LabeledDB_new' 'Hand' '192' 'original.ply'],793,1582,3.6963924941319433,0.25256866499740027,inf
['data' 'LabeledDB_new' 'Hand' '193' 'original.ply'],732,1460,2.9780001145072412,0.3446367587359237,inf
['data' 'LabeledDB_new' 'Hand' '194' 'original.ply'],840,1676,3.488316248986113,0.41426938083489484,inf
['data' 'LabeledDB_new' 'Hand' '195' 'original.ply'],910,1816,2.893868666522509,0.3154062353848144,inf
['data' 'LabeledDB_new' 'Hand' '196' 'original.ply'],760,1516,3.051191826297819,0.3217072202688446,inf
['data' 'LabeledDB_new' 'Hand' '197' 'original.ply'],800,1596,3.050385446557487,0.36647949949836567,inf
['data' 'LabeledDB_new' 'Hand' '198' 'original.ply'],434,864,2.90824702012276,0.29956221551808443,inf
['data' 'LabeledDB_new' 'Hand' '199' 'original.ply'],752,1500,3.8780503588717856,0.5080450758938788,inf
['data' 'LabeledDB_new' 'Hand' '200' 'original.ply'],116,228,3.4978952148917246,0.3360424123995922,inf
['data' 'LabeledDB_new' 'Human' '1' 'original.ply'],396,788,2.503454606402183,0.2068237517962303,inf
['data' 'LabeledDB_new' 'Human' '10' 'original.ply'],364,724,3.244447042810413,0.29359767287144184,inf
['data' 'LabeledDB_new' 'Human' '11' 'original.ply'],215,426,4.564172464558526,0.45810335856560797,inf
['data' 'LabeledDB_new' 'Human' '12' 'original.ply'],179,354,4.475139504783832,0.4347405983506556,inf
['data' 'LabeledDB_new' 'Human' '13' 'original.ply'],605,1206,3.5535776155322427,0.39808194256499413,inf
['data' 'LabeledDB_new' 'Human' '14' 'original.ply'],179,354,2.737106371445436,0.29938604275506353,inf
['data' 'LabeledDB_new' 'Human' '15' 'original.ply'],334,664,2.1021960438221994,0.2094832034862786,inf
['data' 'LabeledDB_new' 'Human' '16' 'original.ply'],625,1246,2.988065022779079,0.33302497463139263,inf
['data' 'LabeledDB_new' 'Human' '17' 'original.ply'],401,798,3.607979198804558,0.4229727395639534,inf
['data' 'LabeledDB_new' 'Human' '18' 'original.ply'],1003,2002,3.6124634217601495,0.48164301162938117,inf
['data' 'LabeledDB_new' 'Human' '19' 'original.ply'],344,684,3.3465140008837397,0.3242029245758487,inf
['data' 'LabeledDB_new' 'Human' '2' 'original.ply'],425,846,3.3047537711518,0.31554285456705367,inf
['data' 'LabeledDB_new' 'Human' '20' 'original.ply'],415,826,3.2639869173023968,0.2917772197702074,inf
['data' 'LabeledDB_new' 'Human' '3' 'original.ply'],278,552,2.1141169956280605,0.18165787419785515,inf
['data' 'LabeledDB_new' 'Human' '4' 'original.ply'],251,498,2.2501456644222193,0.18349966239845017,inf
['data' 'LabeledDB_new' 'Human' '5' 'original.ply'],532,1060,3.6246155953601256,0.39030022048455465,inf
['data' 'LabeledDB_new' 'Human' '6' 'original.ply'],464,924,2.130453004927012,0.17985485319713287,inf
['data' 'LabeledDB_new' 'Human' '7' 'original.ply'],631,1258,2.335727908354065,0.19886840937219546,inf
['data' 'LabeledDB_new' 'Human' '8' 'original.ply'],273,542,2.733908475947603,0.24585233612761226,inf
['data' 'LabeledDB_new' 'Human' '9' 'original.ply'],143,282,2.6358686644107694,0.23299212915821338,inf
['data' 'LabeledDB_new' 'Mech' '321' 'original.ply'],18,32,7.5982950739851765,1.507855501822285,inf
['data' 'LabeledDB_new' 'Mech' '322' 'original.ply'],18,32,7.605264296665482,1.509930618168667,inf
['data' 'LabeledDB_new' 'Mech' '323' 'original.ply'],22,40,7.592911977244139,1.5062533598246002,inf
['data' 'LabeledDB_new' 'Mech' '324' 'original.ply'],642,1280,7.9386579486960205,1.8464963660974774,inf
['data' 'LabeledDB_new' 'Mech' '325' 'original.ply'],101,198,7.535568403347302,1.4820518260167057,inf
['data' 'LabeledDB_new' 'Mech' '326' 'original.ply'],316,628,7.952415006069032,1.7417251052845075,inf
['data' 'LabeledDB_new' 'Mech' '327' 'original.ply'],133,262,6.871624375915785,1.2612479196027202,inf
['data' 'LabeledDB_new' 'Mech' '328' 'original.ply'],21,38,7.787656537122351,1.5645725990503423,inf
['data' 'LabeledDB_new' 'Mech' '329' 'original.ply'],19,34,7.702597405716849,1.5390095644646116,inf
['data' 'LabeledDB_new' 'Mech' '330' 'original.ply'],22,40,7.693109605564767,1.5361670039978874,inf
['data' 'LabeledDB_new' 'Mech' '331' 'original.ply'],17,30,7.5752359693278795,1.4771396164947275,inf
['data' 'LabeledDB_new' 'Mech' '332' 'original.ply'],102,200,7.558487387511047,1.4983156350730027,inf
['data' 'LabeledDB_new' 'Mech' '333' 'original.ply'],18,32,7.399243410192665,1.425962814836231,inf
['data' 'LabeledDB_new' 'Mech' '334' 'original.ply'],151,298,7.198598846943598,1.430476216624499,inf
['data' 'LabeledDB_new' 'Mech' '335' 'original.ply'],18,32,7.603400673029934,1.5093755105987088,inf
['data' 'LabeledDB_new' 'Mech' '336' 'original.ply'],887,1770,4.6801944921418475,0.7421451631095484,inf
['data' 'LabeledDB_new' 'Mech' '337' 'original.ply'],1715,3426,8.817103699733979,2.149927705843167,inf
['data' 'LabeledDB_new' 'Mech' '338' 'original.ply'],1378,2752,7.370022793153498,1.5437150074326986,inf
['data' 'LabeledDB_new' 'Mech' '339' 'original.ply'],17,30,7.57260249596925,1.476369228937855,inf
['data' 'LabeledDB_new' 'Mech' '340' 'original.ply'],151,298,7.19319194276569,1.4288643840653874,inf
['data' 'LabeledDB_new' 'Octopus' '121' 'original.ply'],414,824,4.590809817794071,0.4992960574557603,inf
['data' 'LabeledDB_new' 'Octopus' '122' 'original.ply'],361,718,5.5046780468367364,0.7144288593772883,inf
['data' 'LabeledDB_new' 'Octopus' '123' 'original.ply'],1109,2214,5.1045571428976535,0.8710864288350426,inf
['data' 'LabeledDB_new' 'Octopus' '124' 'original.ply'],140,276,4.185463119152889,0.5269053334081292,inf
['data' 'LabeledDB_new' 'Octopus' '125' 'original.ply'],184,364,2.3454719697895814,0.2714179099105994,inf
['data' 'LabeledDB_new' 'Octopus' '126' 'original.ply'],229,454,5.842717131369819,0.950887642665989,inf
['data' 'LabeledDB_new' 'Octopus' '127' 'original.ply'],559,1114,5.897506553591932,1.0198937763562452,inf
['data' 'LabeledDB_new' 'Octopus' '128' 'original.ply'],322,640,3.9619732560483687,0.48305183445707056,inf
['data' 'LabeledDB_new' 'Octopus' '129' 'original.ply'],315,626,5.434684777737705,0.808706903880868,inf
['data' 'LabeledDB_new' 'Octopus' '130' 'original.ply'],328,652,5.398049128093891,0.7924804838968603,inf
['data' 'LabeledDB_new' 'Octopus' '131' 'original.ply'],1263,2522,5.0374888347746145,0.8424982130430391,inf
['data' 'LabeledDB_new' 'Octopus' '132' 'original.ply'],1149,2294,3.2890314259303643,0.3798112717271519,inf
['data' 'LabeledDB_new' 'Octopus' '133' 'original.ply'],752,1500,4.417659664204761,0.6800156697236395,inf
['data' 'LabeledDB_new' 'Octopus' '134' 'original.ply'],546,1088,5.503224903675336,1.0106804911145255,inf
['data' 'LabeledDB_new' 'Octopus' '135' 'original.ply'],1060,2116,5.512549655863707,1.053084288649667,inf
['data' 'LabeledDB_new' 'Octopus' '136' 'original.ply'],1359,2714,4.836385443490313,0.7706318387636846,inf
['data' 'LabeledDB_new' 'Octopus' '137' 'original.ply'],590,1176,4.286431766090583,0.6167127068892911,inf
['data' 'LabeledDB_new' 'Octopus' '138' 'original.ply'],393,782,5.519042455333018,0.9635361729121552,inf
['data' 'LabeledDB_new' 'Octopus' '139' 'original.ply'],437,870,4.086237420185948,0.3892333105563209,inf
['data' 'LabeledDB_new' 'Octopus' '140' 'original.ply'],474,944,5.361733109604121,0.817406268768965,inf
['data' 'LabeledDB_new' 'Plier' '201' 'original.ply'],417,830,2.9926529573933642,0.18357536106659383,inf
['data' 'LabeledDB_new' 'Plier' '202' 'original.ply'],405,806,3.2100076217300737,0.1969511611416478,inf
['data' 'LabeledDB_new' 'Plier' '203' 'original.ply'],390,776,3.4450233126102434,0.21280597253167055,inf
['data' 'LabeledDB_new' 'Plier' '204' 'original.ply'],338,672,3.4463476522019176,0.1970485544102294,inf
['data' 'LabeledDB_new' 'Plier' '205' 'original.ply'],314,624,3.7607560414639596,0.24140144160297156,inf
['data' 'LabeledDB_new' 'Plier' '206' 'original.ply'],351,698,3.8030539988565946,0.2371392415950545,inf
['data' 'LabeledDB_new' 'Plier' '207' 'original.ply'],340,676,4.126144572579363,0.2554790406307851,inf
['data' 'LabeledDB_new' 'Plier' '208' 'original.ply'],382,760,4.272507784891372,0.26219393256624846,inf
['data' 'LabeledDB_new' 'Plier' '209' 'original.ply'],333,662,4.201115134886772,0.25333076788712205,inf
['data' 'LabeledDB_new' 'Plier' '210' 'original.ply'],328,652,3.962764378443732,0.24236355335258114,inf
['data' 'LabeledDB_new' 'Plier' '211' 'original.ply'],276,548,3.712249740446487,0.21496035771138802,inf
['data' 'LabeledDB_new' 'Plier' '212' 'original.ply'],289,574,3.0487063128824907,0.1755640524361105,inf
['data' 'LabeledDB_new' 'Plier' '213' 'original.ply'],620,1236,2.1197471225586275,0.11877941658592472,inf
['data' 'LabeledDB_new' 'Plier' '214' 'original.ply'],475,946,2.4829626488913736,0.14686930875571708,inf
['data' 'LabeledDB_new' 'Plier' '215' 'original.ply'],349,694,2.832578848203702,0.17449818554978608,inf
['data' 'LabeledDB_new' 'Plier' '216' 'original.ply'],335,666,3.0706984273063074,0.19135263567575522,inf
['data' 'LabeledDB_new' 'Plier' '217' 'original.ply'],284,564,4.042315873412756,0.2521846017327619,inf
['data' 'LabeledDB_new' 'Plier' '218' 'original.ply'],277,550,4.232710341043535,0.25694466428690416,inf
['data' 'LabeledDB_new' 'Plier' '219' 'original.ply'],407,810,2.953913739379993,0.1580945417904192,inf
['data' 'LabeledDB_new' 'Plier' '220' 'original.ply'],407,810,2.9206843535684563,0.1613895266105434,inf
['data' 'LabeledDB_new' 'Table' '141' 'original.ply'],304,604,6.5229076489249636,1.086767124341686,inf
['data' 'LabeledDB_new' 'Table' '142' 'original.ply'],474,944,4.18979500559296,0.437073758560188,inf
['data' 'LabeledDB_new' 'Table' '143' 'original.ply'],522,1040,3.9160934233495497,0.3679262174855473,inf
['data' 'LabeledDB_new' 'Table' '144' 'original.ply'],764,1524,6.511827803926222,0.8973208109928013,inf
['data' 'LabeledDB_new' 'Table' '145' 'original.ply'],922,1840,5.60844204898939,1.0200497571810727,inf
['data' 'LabeledDB_new' 'Table' '146' 'original.ply'],744,1484,6.698334058578264,1.3209765750646736,inf
['data' 'LabeledDB_new' 'Table' '147' 'original.ply'],977,1950,6.9358338984745025,1.2973001574566847,inf
['data' 'LabeledDB_new' 'Table' '148' 'original.ply'],1044,2084,8.511756072682324,1.5407205880313333,inf
['data' 'LabeledDB_new' 'Table' '149' 'original.ply'],1044,2084,8.127139104118942,1.3997744742275497,inf
['data' 'LabeledDB_new' 'Table' '150' 'original.ply'],944,1884,3.6829935758002517,0.5143203116641072,inf
['data' 'LabeledDB_new' 'Table' '151' 'original.ply'],490,976,6.337264909383076,1.0266354862956013,inf
['data' 'LabeledDB_new' 'Table' '152' 'original.ply'],252,500,4.827801114102698,0.6753860457576237,inf
['data' 'LabeledDB_new' 'Table' '153' 'original.ply'],355,706,5.719927796992493,0.8307538058081283,inf
['data' 'LabeledDB_new' 'Table' '154' 'original.ply'],458,912,6.517426786730191,1.0891895964549536,inf
['data' 'LabeledDB_new' 'Table' '155' 'original.ply'],744,1484,6.960222337523594,1.282438446028841,inf
['data' 'LabeledDB_new' 'Table' '156' 'original.ply'],182,360,5.139157083811473,0.7557031965179641,inf
['data' 'LabeledDB_new' 'Table' '157' 'original.ply'],820,1636,8.606949246939875,1.6635053527461647,inf
['data' 'LabeledDB_new' 'Table' '158' 'original.ply'],276,548,5.205336497375533,0.8396656422218628,inf
['data' 'LabeledDB_new' 'Table' '159' 'original.ply'],356,708,5.542934074505087,0.7685213934959859,inf
['data' 'LabeledDB_new' 'Table' '160' 'original.ply'],137,270,4.6688118770532006,0.5707409890186921,inf
['data' 'LabeledDB_new' 'Teddy' '161' 'original.ply'],1372,2740,5.036670619592915,0.7758195468055946,inf
['data' 'LabeledDB_new' 'Teddy' '162' 'original.ply'],906,1808,4.53781073884885,0.675151246300188,inf
['data' 'LabeledDB_new' 'Teddy' '163' 'original.ply'],1191,2378,4.947137793997,0.7645765651366033,inf
['data' 'LabeledDB_new' 'Teddy' '164' 'original.ply'],1136,2268,5.1468553942962005,0.8295197486392988,inf
['data' 'LabeledDB_new' 'Teddy' '165' 'original.ply'],1048,2092,4.8690401162551025,0.7344466906134249,inf
['data' 'LabeledDB_new' 'Teddy' '166' 'original.ply'],1066,2128,5.151369932422258,0.832630231434641,inf
['data' 'LabeledDB_new' 'Teddy' '167' 'original.ply'],962,1920,5.122009012517611,0.844300591868504,inf
['data' 'LabeledDB_new' 'Teddy' '168' 'original.ply'],969,1934,4.793398916451291,0.7204112428611719,inf
['data' 'LabeledDB_new' 'Teddy' '169' 'original.ply'],1252,2500,5.608595207379162,0.8449673614844471,inf
['data' 'LabeledDB_new' 'Teddy' '170' 'original.ply'],1278,2552,5.114678164416367,0.7387293509948791,inf
['data' 'LabeledDB_new' 'Teddy' '171' 'original.ply'],1793,3582,4.837305595732876,0.8039506418685717,inf
['data' 'LabeledDB_new' 'Teddy' '172' 'original.ply'],1060,2116,4.721082249166231,0.7366905140450036,inf
['data' 'LabeledDB_new' 'Teddy' '173' 'original.ply'],1913,3822,4.461479406991615,0.7029770441200146,inf
['data' 'LabeledDB_new' 'Teddy' '174' 'original.ply'],1147,2290,4.599590215361758,0.6798317371030256,inf
['data' 'LabeledDB_new' 'Teddy' '175' 'original.ply'],676,1348,4.797002575843906,0.723519887497766,inf
['data' 'LabeledDB_new' 'Teddy' '176' 'original.ply'],1617,3230,5.221549076881311,0.9031822675285271,inf
['data' 'LabeledDB_new' 'Teddy' '177' 'original.ply'],1680,3356,4.850717827443677,0.775063703352834,inf
['data' 'LabeledDB_new' 'Teddy' '178' 'original.ply'],1498,2992,4.586112658846035,0.7001452326174625,inf
['data' 'LabeledDB_new' 'Teddy' '179' 'original.ply'],1510,3016,4.997021458172704,0.802904865950824,inf
['data' 'LabeledDB_new' 'Teddy' '180' 'original.ply'],821,1638,4.448607539329486,0.605261916715009,inf
['data' 'LabeledDB_new' 'Vase' '361' 'original.ply'],1443,2882,5.05449233898868,0.9088269502679974,inf
['data' 'LabeledDB_new' 'Vase' '362' 'original.ply'],641,1278,4.035704834204679,0.5574175535967755,inf
['data' 'LabeledDB_new' 'Vase' '363' 'original.ply'],3055,6106,2.673879379593099,0.30382796544780505,inf
['data' 'LabeledDB_new' 'Vase' '364' 'original.ply'],1154,2304,4.776877762070986,0.821910613983707,inf
['data' 'LabeledDB_new' 'Vase' '365' 'original.ply'],3416,6828,7.612524710459115,1.7794554399448637,inf
['data' 'LabeledDB_new' 'Vase' '366' 'original.ply'],1381,2758,4.813017189792143,0.8114013719007094,inf
['data' 'LabeledDB_new' 'Vase' '367' 'original.ply'],1527,3050,4.656715636071237,0.841887044231791,inf
['data' 'LabeledDB_new' 'Vase' '368' 'original.ply'],2046,4088,4.65556448750414,0.8493141580071706,inf
['data' 'LabeledDB_new' 'Vase' '369' 'original.ply'],2335,4666,5.9216541815561845,1.1946131022739737,inf
['data' 'LabeledDB_new' 'Vase' '370' 'original.ply'],3226,6448,5.287629237208067,1.0277492628984404,inf
['data' 'LabeledDB_new' 'Vase' '371' 'original.ply'],3675,7346,5.620775419214635,1.0991832626289784,inf
['data' 'LabeledDB_new' 'Vase' '372' 'original.ply'],1133,2262,3.7199837034072303,0.5310251123961478,inf
['data' 'LabeledDB_new' 'Vase' '373' 'original.ply'],2425,4846,4.164664206746008,0.6398114058044088,inf
['data' 'LabeledDB_new' 'Vase' '374' 'original.ply'],1681,3358,3.9552758657714073,0.5411764956908238,inf
['data' 'LabeledDB_new' 'Vase' '375' 'original.ply'],1038,2072,3.8164248900386126,0.5006130478405589,inf
['data' 'LabeledDB_new' 'Vase' '376' 'original.ply'],1370,2736,5.872211014902376,0.9909724163611883,inf
['data' 'LabeledDB_new' 'Vase' '377' 'original.ply'],1916,3828,3.4662041431087802,0.49123922885980253,inf
['data' 'LabeledDB_new' 'Vase' '378' 'original.ply'],832,1660,3.685388357464196,0.5186615899048815,inf
['data' 'LabeledDB_new' 'Vase' '379' 'original.ply'],2802,5600,4.559243926687864,0.8161207766462055,inf
['data' 'LabeledDB_new' 'Vase' '380' 'original.ply'],1676,3348,3.935893134538245,inf,inf
